Best Picture,Best Actor,Best Actress,Best Supporting Actor,Best Supporting Actress,Best Original Screenplay,Best Adapted Screenplay,Best Cinematography,Best Director,Best Animation,IMDB Top 250 Movies
Total Movies in DB: 94,Total Movies in DB: 93,Total Movies in DB: 95,Total Movies in DB: 86,Total Movies in DB: 86,Total Movies in DB: 81,Total Movies in DB: 93,Total Movies in DB: 122,Total Movies in DB: 93,Total Movies in DB: 21,Total Movies in DB: 241
"1927 - ""Wings""","1927 - Emil Jannings, ""The Way of All Flesh""","1927 - Janet Gaynor, ""7th Heaven""","1936 - Walter Brennan, ""Come and Get It""","1936 - Gale Sondergaard, ""Anthony Adverse""","1940 - Preston Sturges, ""The Great McGinty""","1927 - ""7th Heaven""","1927 - Charles Rosher, ""Sunrise""","1927 - Lewis Milestone, ""Two Arabian Knights""","2001 - ""Shrek""","1921 - ""The Kid"""
"1929 - ""The Broadway Melody""","1928 - Emil Jannings, ""The Last Command""","1928 - Janet Gaynor, ""Street Angel""","1937 - Joseph Schildkraut, ""The Life of Emile Zola""","1938 - Alice Brady, ""In Old Chicago""","1941 - Herman J. Mankiewicz and Orson Welles, ""Citizen Kane""","1928 - ""The Patriot""","1928 - Clyde De Vinna, ""White Shadows in the South Seas""","1927 - Frank Borzage, ""7th Heaven""","2001 - ""Spirited Away""","1924 - ""Sherlock Jr."""
"1930 - ""All Quiet on the Western Front""","1929 - George Arliss, ""Disraeli""","1927 - Janet Gaynor, ""Sunrise""","1938 - Walter Brennan, ""Kentucky""","1938 - Fay Bainter, ""Jezebel""","1942 - Ring Lardner Jr. and Michael Kanin, ""Woman of the Year""","1930 - ""The Big House""","1930 - Joseph T. Rucke, ""With Byrd at the South Pole""","1929 - Frank Lloyd, ""The Divine Lady""","2003 - ""Finding Nemo""","1925 - ""The Gold Rush"""
"1931 - ""Cimarron""","1931 - Lionel Barrymore, ""A Free Soul""","1929 - Mary Pickford, ""Coquette""","1939 - Thomas Mitchell, ""Stagecoach""","1939 - Hattie McDaniel, ""Gone with the Wind""","1943 - Norman Krasna, ""Princess O’Rourke""","1931 - ""Cimarron""","1931 - Floyd Crosby, ""Tabu: A Story of the South Seas""","1930 - Lewis Milestone, ""All Quiet on the Western Front""","2004 - ""The Incredibles""","1926 - ""The General"""
"1932 - ""Grand Hotel""","1931 - Wallace Beery, ""Dr. Jekyll and Mr. Hyde""","1930 - Norma Shearer, ""The Divorcee""","1940 - Walter Brennan, ""The Westerner""","1940 - Jane Darwell, ""The Grapes of Wrath""","1944 - Lamar Trotti, ""Wilson""","1931 - ""Bad Girl""","1932 - Lee Garmes, ""Shanghai Express""","1931 - Norman Taurog, ""Skippy""","2005 - ""Wallace & Gromit - The Curse of the Were-Rabbit""","1927 - ""Metropolis"""
"1933 - ""Cavalcade""","1931 - Wallace Beery, ""The Champ"" ","1930 - Marie Dressler, ""Min and Bill""","1941 - Donald Crisp, ""How Green Was My Valley""","1941 - Mary Astor, ""The Great Lie""","1944 - Richard Schweizer, ""Marie-Louise""","1933 - ""Little Women""","1932 - Charles Lang, ""A Farewell to Arms""","1931 - Frank Borzage, ""Bad Girl""","2006 - ""Happy Feet""","1927 - ""Sunrise"""
"1934 - ""It Happened One Night""","1933 - Charles Laughton, ""The Private Life of Henry VIII""","1931 - Helen Hayes, ""The Sin of Madelon Claudet""","1941 - Van Heflin, ""Johnny Eager""","1942 - Teresa Wright, ""Mrs. Miniver""","1945 - Muriel and Sydney Box, ""The Seventh Veil""","1934 - ""It Happened One Night""","1934 - Victor Milner, ""Cleopatra""","1933 - Frank Lloyd, ""Cavalcade""","2007 - ""Ratatouille""","1928 - ""The Passion of Joan of Arc"""
"1935 - ""Mutiny on the Bounty""","1934 - Clark Gable, ""It Happened One Night""","1933 - Katharine Hepburn, ""Morning Glory""","1943 - Charles Coburn, ""The More the Merrier""","1943 - Katina Paxinou, ""For Whom the Bell Tolls""","1947 - Sidney Sheldon, ""The Bachelor and the Bobby-Soxer""","1935 - ""The Informer""","1935 - Hal Mohr, ""A Midsummer Night’s Dream""","1934 - Frank Capra, ""It Happened One Night""","2008 - ""WALL-E""","1931 - ""City Lights"""
"1936 - ""The Great Ziegfeld""","1935 - Victor McLaglen, ""The Informer""","1934 - Claudette Colbert, ""It Happened One Night""","1944 - Barry Fitzgerald, ""Going My Way""","1944 - Ethel Barrymore, ""None But the Lonely Heart""","1948 - Placeholder Name, ""The Treasure of the Sierra Madre""","1936 - ""The Story of Louis Pasteur""","1936 - Tony Guadio, ""Anthony Adverse""","1935 - John Ford, ""The Informer""","2009 - ""Up""","1931 - ""M"""
"1937 - ""The Life of Emile Zola""","1936 - Paul Muni, ""The Story of Louis Pasteur""","1935 - Bette Davis, ""Dangerous""","1945 - James Dunn, ""A Tree Grows in Brooklyn""","1944 - Anne Revere, ""National Velvet""","1949 - Robert Pirosh, ""Battleground""","1937 - ""The Life of Emile Zola""","1936 - W. Howard Greene, ""The Garden of Allah""","1936 - Frank Capra, ""Mr. Deeds Goes to Town""","2010 - ""Toy Story 3""","1934 - ""It Happened One Night"""
"1938 - ""You Can’t Take It With You""","1937 - Spencer Tracy, ""Captains Courageous""","1936 - Luis Rainer, ""The Great Ziegfeld""","1946 - Harold Russell, ""The Best Years of Our Lives""","1946 - Anne Baxter, ""The Razor’s Edge""","1950 - Charles Brackett, ""Sunset Blvd.""","1938 - ""Pygmalion""","1937 - Karl Freund, ""The Good Earth""","1937 - Leo McCarey, ""The Awful Truth""","2011 - ""Rango""","1936 - ""Modern Times"""
"1939 - ""Gone with the Wind""","1938 - Spencer Tracy, ""Boys Town""","1937 - Luise Rainer, ""The Good Earth""","1947 - Edmund Gwenn, ""Miracle on 34th Street""","1947 - Celeste Holm, ""Gentleman’s Agreement""","1951 - Alan Jay Lerner, ""An American in Paris""","1939 - ""Gone with the Wind""","1937 - W. Howard Greene, ""A Star is Born""","1938 - Frank Capra, ""You Can’t Take It with You""","2012 - ""Brave""","1939 - ""Gone with the Wind"""
"1940 - ""Rebecca""","1939 - Robert Donat, ""Goodbye, Mr. Chips""","1938 - Bette Davis, ""Jezebel""","1948 - Walter Huston, ""The Treasure of the Sierra Madre""","1948 - Claire Trevor, ""Key Largo""","1951 - T.E.B. Clarke, ""The Lavender Hill Mob""","1940 - ""The Philadelphia Story""","1938  - Joseph Ruttenberg, ""The Great Waltz""","1939 - Victor Fleming, ""Gone With the Wind""","2013 - ""Frozen""","1939 - ""Mr. Smith Goes to Washington"""
"1941 - ""How Green Was My Valley""","1940 - James Stewart, ""The Philadelphia Story""","1939 - Vivien Leigh, ""Gone with the Wind""","1949 - Dean Jagger, ""Twelve O’Clock High""","1949 - Mercedes McCambridge, ""All the King’s Men""","1953 - Charles Brackett, Richard L. Breen and Walter Reisch, ""Titanic""","1941 - ""Here Comes Mr. Jordan""","1938 - Oliver T. Marsh, ""Sweethearts""","1940 - John Ford, ""The Grapes of Wrath""","2014 - ""Big Hero 6""","1939 - ""The Wizard of Oz"""
"1942 - ""Mrs. Miniver""","1941 - Gary Cooper, ""Sergeant York""","1940 - Ginger Rogers, ""Kitty Foyle""","1950 - George Sanders, ""All About Eve""","1950 - Josephine Hull, ""Harvey""","1954 - Budd Schulberg, ""On the Waterfront""","1942 - ""Mrs. Miniver""","1939 - Gregg Toland, ""Wuthering Heights""","1941 - John Ford, ""How Green Was My Valley""","2015 - ""Inside Out""","1940 - ""Rebecca"""
"1942 - ""Casablanca""","1942 - James Cagney, ""Yankee Doodle Dandy""","1941 - Joan Fontaine, ""Suspicion""","1951 - Karl Malden, ""A Streetcar Named Desire""","1951 - Kim Hunter, ""A Streetcar Named Desire""","1955 - Sonya Levien and William Ludwig, ""Interrupted Melody""","1942 - ""Casablanca""","1939 - Ernest Haller, ""Gone with the Wind""","1942 - William Wyler, ""Mrs. Miniver""","2016 - ""Zootopia""","1940 - ""The Grapes of Wrath"""
"1944 - ""Going My Way""","1943 - Paul Lukas, ""Watch on the Rhine""","1942 - Greer Garson, ""Mrs. Miniver""","1952 - Anthony Quinn, ""Viva Zapata!""","1952 - Gloria Grahame, ""The Bad and the Beautiful""","1956 - Albert Lamorisee, ""The Red Balloon""","1944 - ""Going My Way""","1940 - George Barnes, ""Rebecca""","1942 - Michael Curtiz, ""Casablanca""","2017 - ""Coco""","1940 - ""The Great Dictator"""
"1945 - ""The Lost Weekend""","1944 - Bing Crosby, ""Going My Way""","1943 - Jennifer Jones, ""The Song of Bernadette""","1953 - Frank Sinatra, ""From Here to Eternity""","1953 - Donna Reed, ""From Here to Eternity""","1957 - George Wells, ""Designing Woman""","1945 - ""The Lost Weekend""","1940 - George Périnal, ""The Thief of Bagdad""","1944 - Leo McCarey, ""Going My Way""","2018 - ""Spider-Man - Into the Spider-Verse""","1941 - ""Citizen Kane"""
"1946 - ""The Best Years of Our Lives""","1945 - Ray Milland, ""The Lost Weekend""","1944 - Ingrid Bergman, ""Gaslight""","1954 - Edmond O’Brien, ""The Barefoot Contessa""","1954 - Eva Marie Saint, ""On the Waterfront""","1958 - Nedrick Young and Harold Jacob Smith, ""The Defiant Ones""","1946 - ""The Best Years of Our Lives""","1941 - Arthur C. Miller, ""How Green Was My Valley""","1945 - Billy Wilder, ""The Lost Weekend""","2019 - ""Toy Story 4""","1941 - ""The Maltese Falcon"""
"1947 - ""Gentleman’s Agreement""","1946 - Fredric March, ""The Best Years of Our Lives""","1945 - Joan Crawford, ""Mildred Pierce""","1955 - Jack Lemmon, ""Mister Roberts""","1955 - Jo Van Fleet, ""East of Eden""","1959 - Stanley Shapiro and Maurice Richlin, ""Pillow Talk""","1947 - ""Miracle on 34th Street""","1941 - Ernest Haller, ""Blood and Sand""","1946 - William Wyler, ""The Best Years of Our Lives""","2020 - ""Soul""","1942 - ""Casablanca"""
"1948 - ""Hamlet""","1947 - Ronald Colman, ""A Double Life""","1946 - Olivia de Havilland, ""To Each His Own""","1956 - Anthony Quinn, ""Lust for Life""","1956 - Dorothy Malone, ""Written on the Wind""","1960 - I.A.L. Diamond and Billy Wilder, ""The Apartment""","1948 - ""The Treasure of the Sierra Madre""","1942 - Joseph Ruttenberg, ""Mrs. Miniver""","1947 - Elia Kazan, ""Gentleman’s Agreement""","2021 - ""Encanto""","1944 - ""Double Indemnity"""
"1949 - ""All the King’s Men""","1948 - Laurence Olivier, ""Hamlet""","1947 - Loretta Young, ""The Farmer’s Daughter""","1957 - Red Buttons, ""Sayonara""","1957 - Miyoshi Umeki, ""Sayonara""","1961 - William Inge, ""Splendor in the Grass""","1949 - ""A Letter to Three Wives""","1942 - Leon Shamroy, ""The Black Swan""","1948 - John Huston, ""The Treasure of the Sierra Madre""",,"1946 - ""It's a Wonderful Life"""
"1950 - ""All about Eve""","1949 - Broderick Crawford, ""All the King’s Men""","1948 - Jane Wyman, ""Johnny Belinda""","1958 - Burl Ives, ""The Big Country""","1958 - Wendy Hiller, ""Separate Tables""","1961 - Ennio de Concini Pietro Germi and Alfredo Giannetti, ""Divorce Italian Style""","1950 - ""All About Eve""","1943 - Arthur C. Miller, ""The Song of Bernadette""","1949 - Joseph L. Mankiewicz, ""A Letter to Three Wives""",,"1946 - ""The Best Years of Our Lives"""
"1951 - ""An American in Paris""","1950 - Jose Ferrer, ""Cyrano de Bergerac""","1949 - Olivia de Havilland, ""The Heiress""","1959 - Hugh Griffith, ""Ben-Hur""","1959 - Shelley Winters, ""The Diary of Anne Frank""","1962 - James R. Webb, ""How the West Was Won""","1951 - ""A Place in the Sun""","1943 - Hal Mohr, ""Phantom of the Opera""","1950 - Joseph L. Mankiewicz, ""All About Eve""",,"1948 - ""Bicycle Thieves"""
"1952 - ""The Greatest Show On Earth""","1951 - Humphrey Bogart, ""The African Queen""","1950 - Judy Holliday, ""Born Yesterday""","1960 - Peter Ustinov, ""Spartacus""","1960 - Shirley Jones, ""Elmer Gantry""","1964 - Peter Stone and Frank Tarloff, ""Father Goose""","1952 - ""The Bad and the Beautiful""","1944 - Joseph LaShelle, ""Laura""","1951 - George Stevens, ""A Place in the Sun""",,"1948 - ""The Treasure of the Sierra Madre"""
"1953 - ""From Here to Eternity""","1952 - Gary Cooper, ""High Noon""","1951 - Vivien Leigh, ""A Streetcar Named Desire""","1961 - George Chakiris, ""West Side Story""","1961 - Rita Moreno, ""West Side Story""","1965 - Frederic Raphael, ""Darling""","1953 - ""From Here to Eternity""","1944 - Leon Shamroy, ""Wilson""","1952 - John Ford, ""The Quiet Man""",,"1949 - ""The Third Man"""
"1954 - ""On the Waterfront""","1953 - William Holden, ""Stalag 17""","1952 - Shirley Booth, ""Come Back, Little Sheba""","1962 - Ed Begley, ""Sweet Bird of Youth""","1962 - Patty Duke, ""The Miracle Worker""","1966 - Claude Lelouch and Pierre Uytterhoeven, ""A Man and a Woman""","1955 - ""The Country Girl""","1945 - Harry Stradling, ""The Picture of Dorian Gray""","1953 - Fred Zinnemann, ""From Here to Eternity""",,"1950 - ""All About Eve"""
"1955 - ""Marty""","1954 - Marlon Brando, ""On the Waterfront""","1953 - Audrey Hepburn, ""Roman Holiday""","1963 - Melvyn Douglas, ""Hud""","1963 - Margaret Rutherford, ""The V.I.P.s""","1967 - William Rose, ""Guess Who’s Coming to Dinner""","1955 - ""Marty""","1945 - Leon Shamroy, ""Leave Her to Heaven""","1954 - Elia Kazan, ""On the Waterfront""",,"1950 - ""Rashomon"""
"1956 - ""Around the World in 80 Days""","1955 - Ernest Borgnine, ""Marty""","1955 - Grace Kelly, ""The Country Girl""","1964 - Peter Ustinov, ""Topkapi""","1964 - Lila Kedrova, ""Zorba the Greek""","1967 - Mel Brooks, ""The Producers""","1956 - ""Around the World in 80 Days""","1946 - Arthur C. Miller, ""Anna and the King of Siam""","1955 - Delbert Mann, ""Marty""",,"1950 - ""Sunset Blvd."""
"1957 - ""The Bridge on the River Kwai""","1956 - Yul Brynner, ""The King and I""","1955 - Anna Magnani, ""The Rose Tattoo""","1965 - Martin Balsam, ""A Thousand Clowns""","1965 - Shelley Winters, ""A Patch of Blue""","1969 - William Goldman, ""Butch Cassidy and the Sundance Kid""","1957 - ""The Bridge on the River Kwai""","1946 - Charles Rosher, ""The Yearling""","1956 - George Stevens, ""Giant""",,"1952 - ""Ikiru"""
"1958 - ""Gigi""","1957 - Alec Guinness, ""The Bridge on the River Kwai""","1956 - Ingrid Bergman, ""Anastasia""","1966 - Walter Matthau, ""The Fortune Cookie""","1966 - Sandy Dennis, ""Who’s Afraid of Virginia Woolf?""","1970 - Francis Ford Coppola and Edmund H. North, ""Patton""","1958 - ""Gigi""","1946 - Guy Green, ""Great Expectations""","1957 - David Lean, ""The Bridge on the River Kwai""",,"1952 - ""Singin' in the Rain"""
"1959 - ""Ben-Hur""","1958 - David Niven, ""Separate Tables""","1957 - Joanne Woodward, ""The Three Faces of Eve""","1967 - George Kennedy, ""Cool Hand Luke""","1967 - Estelle Parsons, ""Bonnie and Clyde""","1971 - Paddy Chayefsky, ""The Hospital""","1959 - ""Room at the Top""","1947 - Jack Cardiff, ""Black Narcissus""","1958 - Vincente Minnelli, ""Gigi""",,"1953 - ""The Wages of Fear"""
"1960 - ""The Apartment""","1959 - Charlton Heston, ""Ben-Hur""","1958 - Susan Hayward, ""I Want to Live!""","1968 - Jack Albertson, ""The Subject Was Roses""","1968 - Ruth Gordon, ""Rosemary’s Baby""","1972 - Jeremy Larner, ""The Candidate""","1960 - ""Elmer Gantry""","1948 - William Daniels, ""The Naked City""","1959 - William Wyler, ""Ben-Hur""",,"1953 - ""Tokyo Story"""
"1961 - ""West Side Story""","1960 - Burt Lancaster, ""Elmer Gantry""","1959 - Simone Signoret, ""Room at the Top""","1969 - Gig Young, ""They Shoot Horses, Don’t They?""","1969 - Goldie Hawn, ""Cactus Flower""","1973 - David S. Ward, ""The Sting""","1961 - ""Judgment at Nuremberg""","1948 - Joseph Valentine, ""Joan of Arc""","1960 - Billy Wilder, ""The Apartment""",,"1954 - ""Dial M for Murder"""
"1962 - ""Lawrence of Arabia""","1961 - Maximilian Schell, ""Judgment at Nuremberg""","1960 - Elizabeth Taylor, ""Butterfield 8""","1970 - John Mills, ""Ryan’s Daughter""","1970 - Helen Hayes, ""Airport""","1974 - Robert Towne, ""Chinatown""","1962 - ""To Kill a Mockingbird""","1949 - Paul C. Vogel, ""Battleground""","1961 - Robert Wise, Jerome Robbins, ""West Side Story""",,"1954 - ""On the Waterfront"""
"1963 - ""Tom Jones""","1962 - Gregory Peck, ""To Kill a Mockingbird""","1960 - Sophia Loren, ""Two Women""","1971 - Ben Johnson, ""The Last Picture Show""","1971 - Cloris Leachman, ""The Last Picture Show""","1975 - Frank Pierson, ""Dog Day Afternoon""","1963 - ""Tom Jones""","1949 - Winton C. Hoch, ""She Wore a Yellow Ribbon""","1962 - David Lean, ""Lawrence of Arabia""",,"1954 - ""Rear Window"""
"1964 - ""My Fair Lady""","1963 - Sidney Poitier, ""Lilies of the Field""","1962 - Anne Bancroft, ""The Miracle Worker""","1972 - Joel Grey, ""Cabaret""","1972 - Eileen Heckart, ""Butterflies are Free""","1976 - Paddy Chayefsky, ""Network""","1964 - ""Becket""","1949 - Robert Krasker, ""The Third Man""","1963 - Tony Richardson, ""Tom Jones""",,"1954 - ""Seven Samurai"""
"1965 - ""The Sound of Music""","1964 - Rex Harrison, ""My Fair Lady""","1963 - Patricia Neal, ""Hud""","1973 - John Houseman, ""The Paper Chase""","1973 - Tatum O’Neal, ""Paper Moon""","1977 - Woody Allen and Marshall Brickman, ""Annie Hall""","1965 - ""Doctor Zhivago""","1950 - Robert Surtees, ""King Solomon’s Mines""","1964 - George Cukor, ""My Fair Lady""",,"1955 - ""Diabolique"""
"1966 - ""A Man for All Seasons""","1965 - Lee Marvin, ""Cat Ballou""","1964 - Julie Andrews, ""Mary Poppins""","1974 - Robert De Niro, ""The Godfather: Part II""","1974 - Ingrid Bergman, ""Murder on the Orient Express""","1978 - Robert C. Jones and Waldo Salt, ""Coming Home""","1966 - ""A Man for All Seasons""","1951 - William C. Mellor, ""A Place in the Sun""","1965 - Robert Wise, ""The Sound of Music""",,"1957 - ""12 Angry Men"""
"1967 - ""In the Heat of the Night""","1966 - Paul Scofield, ""A Man for All Seasons""","1965 - Julie Christie, ""Darling""","1975 - George Burns, ""The Sunshine Boys""","1975 - Lee Grant, ""Shampoo""","1979 - Steve Tesich, ""Breaking Away""","1967 - ""In the Heat of the Night""","1951 - Alfred Gilks, ""An American in Paris""","1966 - Fred Zinnemann, ""A Man for All Seasons""",,"1957 - ""Paths of Glory"""
"1968 - ""Oliver!""","1967 - Rod Steiger, ""In the Heat of the Night""","1966 - Elizabeth Taylor, ""Who’s Afraid of Virginia Woolf?""","1976 - Jason Robards, ""All the President’s Men""","1976 - Beatrice Straight, ""Network""","1980 - Bo Goldman, ""Melvin and Howard""","1968 - ""The Lion in Winter""","1952 - Robert Surtees, ""The Bad and the Beautiful""","1967 - Mike Nichols, ""The Graduate""",,"1957 - ""The Bridge on the River Kwai"""
"1969 - ""Midnight Cowboy""","1968 - Cliff Robertson, ""Charly""","1967 - Katharine Hepburn, ""Guess Who’s coming to Dinner""","1977 - Jason Robards, ""Julia""","1977 - Vanessa Redgrave, ""Julia""","1981 - Colin Welland, ""Chariots of Fire""","1969 - ""Midnight Cowboy""","1952 - Winton C. Hoch, ""The Quiet Man""","1968 - Carol Reed, ""Oliver!""",,"1957 - ""Nights of Cabiria"""
"1970 - ""Patton""","1969 - John Wayne, ""True Grit""","1968 - Barbra Streisand, ""Funny Girl""","1978 - Christopher Walken, ""The Deer Hunter""","1978 - Maggie Smith, ""California Suite""","1982 - John Briley, ""Gandhi""","1970 - ""MASH""","1953 - Burnett Guffey, ""From Here to Eternity""","1969 - John Schlesinger, ""Midnight Cowboy""",,"1957 - ""The Seventh Seal"""
"1971 - ""The French Connection""","1970 - George C. Scott, ""Patton""","1968 - Katharine Hepburn, ""The Lion in Winter""","1979 - Melvyn Douglas, ""Being There""","1979 - Meryl Streep, ""Kramer vs. Kramer""","1983 - Horton Foote, ""Tender Mercies""","1971 - ""The French Connection""","1953 - Loyal Griggs, ""Shane""","1970 - Franklin J. Schaffner, ""Patton""",,"1957 - ""Wild Strawberries"""
"1972 - ""The Godfather""","1971 - Gene Hackman, ""The French Connection""","1969 - Maggie Smith, ""The Prime of Miss Jean Brodie""","1980 - Timothy Hutton, ""Ordinary People""","1980 - Mary Steenburgen, ""Melvin and Howard""","1984 - Robert Benton, ""Places in the Heart""","1972 - ""The Godfather""","1954 - Boris Kaufman, ""On the Waterfront""","1971 - William Friedkin, ""The French Connection""",,"1957 - ""Witness for the Prosecution"""
"1973 - ""The Sting""","1972 - Marlon Brando, ""The Godfather""","1969 - Glendale Jackson, ""Women in Love""","1981 - John Gielgud, ""Arthur""","1981 - Maureen Stapleton, ""Reds""","1985 - William Kelley and Earl W. Wallace, ""Witness""","1973 - ""The Exorcist""","1954 - Milton Krasner, ""Three Coins in the Fountain""","1972 - Bob Fosse, ""Cabaret""",,"1958 - ""Vertigo"""
"1974 - ""The Godfather: Part II""","1973 - Jack Lemmon, ""Save the Tiger""","1971 - Jane Fonda, ""Klute""","1982 - Louis Gossett Jr., ""An Officer and a Gentleman""","1982 - Jessica Lange, ""Tootsie""","1986 - Woody Allen, ""Hannah and Her Sisters""","1974 - ""The Godfather: Part II""","1955 - James Wong Howe, ""The Rose Tattoo""","1973 - George Roy Hill, ""The Sting""",,"1959 - ""Ben-Hur"""
"1975 - ""One Flew over the Cuckoo’s Nest""","1974 - Art Carnet, ""Harry and Tonto""","1972 - Liza Minnelli, ""Cabaret""","1983 - Jack Nicholson, ""Terms of Endearment""","1982 - Linda Hunt, ""The Year of Living Dangerously""","1987 - John Patrick Shanley, ""Moonstruck""","1975 - ""One Flew Over the Cuckoo's Nest""","1955 - Robert Burks, ""To Catch a Thief""","1974 - Francis Ford Coppola, ""The Godfather: Part II""",,"1959 - ""North by Northwest"""
"1976 - ""Rocky""","1975 - Jack Nicholson, ""One Flew over the Cuckoo’s Nest""","1973 - Glenda Jackson, ""A Touch of Class""","1984 - Haing S. Ngor, ""The Killing Fields""","1984 - Peggy Ashcroft, ""A Passage to India""","1988 - Ronald Bass and Barry Morrow, ""Rain Man""","1976 - ""All the President's Men""","1956 - Joseph Ruttenberg, ""Somebody Up There Likes Me""","1975 - Milos Forman, ""One Flew Over the Cuckoo’s Nest""",,"1959 - ""Some Like It Hot"""
"1977 - ""Annie Hall""","1976 - Peter Finch, ""Network""","1974 - Ellen Burstyn, ""Alice Doesn’t Live Here Anymore""","1985 - Don Ameche, ""Cocoon""","1985 - Anjelica Huston, ""Prizzi’s Honor""","1989 - Tom Schulman, ""Dead Poets Society""","1977 - ""Julia""","1956 - Lionel Lindon, ""Around the World in 80 Days""","1976 - John G. Avildsen, ""Rocky""",,"1959 - ""The 400 Blows"""
"1978 - ""The Deer Hunter""","1977 - Richard Dreyfuss, ""The Goodbye Girl""","1975 - Louise Fletcher, ""One Flew over the Cuckoo’s Nest""","1986 - Michael Caine, ""Hannah and Her Sisters""","1986 - Dianne Wiest, ""Hannah and Her Sisters""","1990 - Bruce Joel Rubin, ""Ghost""","1978 - ""Midnight Express""","1957 - Jack Hildyard, ""The Bridge on the River Kwai""","1977 - Woody Allen, ""Annie Hall""",,"1960 - ""Psycho"""
"1979 - ""Kramer vs. Kramer""","1978 - Jon Voight, ""Coming Home""","1976 - Faye Dunaway, ""Network""","1987 - Sean Connery, ""The Untouchables""","1987 - Olympia Dukakis, ""Moonstruck""","1991 - Callie Khouri, ""Thelma & Louise""","1979 - ""Kramer vs. Kramer""","1958 - Sam Leavitt, ""The Defiant Ones""","1978 - Michael Cimino, ""The Deer Hunter""",,"1960 - ""The Apartment"""
"1980 - ""Ordinary People""","1979 - Dustin Hoffman, ""Kramer vs. Kramer""","1977 - Diane Keaton, ""Annie Hall""","1988 - Kevin Kline, ""A Fish Called Wanda""","1988 - Geena Davis, ""The Accidental Tourist""","1992 - Neil Jordan, ""The Crying Game""","1980 - ""Ordinary People""","1958 - Joseph Ruttenberg, ""Gigi""","1979 - Robert Benton, ""Kramer vs. Kramer""",,"1961 - ""Judgment at Nuremberg"""
"1981 - ""Chariots of Fire""","1980 - Robert De Niro, ""Raging Bull""","1978 - Jane Fonda, ""Coming Home""","1989 - Denzel Washington, ""Glory""","1989 - Brenda Fricker, ""My Left Foot""","1993 - Jane Campion, ""The Piano""","1981 - ""On Golden Pond""","1959 - William C. Mellor, ""The Diary of Anne Frank""","1980 - Robert Redford, ""Ordinary People""",,"1961 - ""Yojimbo"""
"1982 - ""Gandhi""","1981 - Henry Fonda, ""On Golden Pond""","1979 - Sally Field, ""Norma Rae""","1990 - Joe Pesci, ""Goodfellas""","1990 - Whoopi Goldberg, ""Ghost""","1994 - Quentin Tarantino, ""Pulp Fiction""","1982 - ""Missing""","1959 - Robert Surtees, ""Ben-Hur""","1981 - Warren Beatty, ""Reds""",,"1962 - ""Lawrence of Arabia"""
"1983 - ""Terms of Endearment""","1982 - Ben Kingsley, ""Gandhi""","1980 - Sissy Spacek, ""Coal Miner’s Daughter""","1991 - Jack Palance, ""City Slickers""","1991 - Mercedes Ruehl, ""The Fisher King""","1995 - Christopher McQuarrie, ""The Usual Suspects""","1983 - ""Terms of Endearment""","1960 - Freddie Francis, ""Sons and Lovers""","1982 - Richard Attenborough, ""Gandhi""",,"1962 - ""To Kill a Mockingbird"""
"1984 - ""Amadeus""","1983 - Robert Duvall, ""Tender Mercies""","1981 - Katharine Hepburn, ""On Golden Pond""","1992 - Gene Hackman, ""Unforgiven""","1992 - Marisa Tomei, ""My Cousin Vinny""","1996 - The Coen Brothers, ""Fargo""","1984 - ""Amadeus""","1960 - Russell Metty, ""Spartacus""","1983 - James L. Brooks, ""Terms of Endearment""",,"1963 - ""8½"""
"1985 - ""Out of Africa""","1984 - F. Murray Abraham, ""Amadeus""","1982 - Meryl Streep, ""Sophie’s Choice""","1993 - Tommy Lee Jones, ""The Fugitive""","1993 - Anna Paquin, ""The Piano""","1997 - Ben Affleck and Matt Damon, ""Good Will Hunting""","1985 - ""Out of Africa""","1961 - Eugen Schüfftan, ""The Hustler""","1984 - Milos Forman, ""Amadeus""",,"1963 - ""The Great Escape"""
"1986 - ""Platoon""","1985 - William Hurt, ""Kiss of the Spider Woman""","1983 - Shirley MacLaine, ""Terms of Endearment""","1994 - Martin Landau, ""Ed Wood""","1994 - Dianne Wiest, ""Bullets Over Broadway""","1998 - Marc Norman and Tom Stoppard, ""Shakespeare in Love""","1985 - ""A Room with a View""","1961 - Daniel L. Fapp, ""West Side Story""","1985 - Sydney Pollack, ""Out of Africa""",,"1964 - ""Dr. Strangelove or: How I Learned to Stop Worrying and Love the Bomb"""
"1987 - ""The Last Emperor""","1986 - Paul Newman, ""The Color of Money""","1984 - Sally Field, ""Places in the Heart""","1995 - Kevin Spacey, ""The Usual Suspects""","1995 - Mira Sorvino, ""Mighty Aphrodite""","1999 - Alan Ball, ""American Beauty""","1987 - ""The Last Emperor""","1962  - Jean Bourgoin, ""The Longest Day""","1986 - Oliver Stone, ""Platoon""",,"1965 - ""For a Few Dollars More"""
"1988 - ""Rain Man""","1987 - Michael Douglas, ""Wall Street""","1985 - Geraldine Page, ""The Trip to Bountiful""","1996 - Cuba Gooding Jr., ""Jerry Maguire""","1996 - Juliette Binoche, ""The English Patient""","2000 - Cameron Crowe, ""Almost Famous""","1988 - ""Dangerous Liaisons""","1962 - Freddie Young, ""Lawrence of Arabia""","1987 - Bernardo Bertolucci, ""The Last Emperor""",,"1966 - ""Andrei Rublev"""
"1989 - ""Driving Miss Daisy""","1988 - Dustin Hoffman, ""Rain Man""","1986 - Marlee Matlin, ""Children of a Lesser God""","1997 - Robin Williams, ""Good Will Hunting""","1997 - Kim Basinger, ""L.A. Confidential""","2001 - Julian Fellowes, ""Gosford Park""","1989 - ""Driving Miss Daisy""","1963 - James Wong Howe, ""Hud""","1988 - Barry Levinson, ""Rain Man""",,"1966 - ""Persona"""
"1990 - ""Dances With Wolves""","1989 - Daniel Day-Lewis, ""My Left Foot""","1987 - Cher, ""Moonstruck""","1997 - James Coburn, ""Affliction""","1998 - Judi Dench, ""Shakespeare in Love""","2002 - Pedro Almodovar, ""Talk to Her""","1990 - ""Dances with Wolves""","1963 - Leon Shamroy, ""Cleopatra""","1989 - Oliver Stone, ""Born on the Fourth of July""",,"1966 - ""The Good, the Bad and the Ugly"""
"1991 - ""The Silence of the Lambs""","1990 - Jeremy Irons, ""Reversal of Fortune""","1988 - Jodie Foster, ""The Accused""","1999 - Michael Caine, ""The Cider House Rules""","1999 - Angelina Jolie, ""Girl, Interrupted""","2003 - Sofia Coppola, ""Lost in Translation""","1991 - ""The Silence of the Lambs""","1964 - Walter Lassally, ""Zorba the Greek""","1990 - Kevin Costner, ""Dances With Wolves""",,"1967 - ""Cool Hand Luke"""
"1992 - ""Unforgiven""","1991 - Anthony Hopkins, ""The Silence of the Lambs""","1989 - Jessica Tandy, ""Driving Miss Daisy""","2000 - Benicio Del Toro, ""Traffic""","2000 - Marcia Gay Harden, ""Pollock""","2004 - Charlie Kaufman, ""Eternal Sunshine of the Spotless Mind""","1992 - ""Howards End""","1964 - Harry Stradling, ""My Fair Lady""","1991 - Jonathan Demme, ""The Silence of the Lambs""",,"1968 - ""2001: A Space Odyssey"""
"1993 - ""Schindler’s List""","1992 - Al Pacino, ""Scent of a Woman""","1990 - Kathy Bates, ""Misery""","2001 - Jim Broadbent, ""Iris""","2001 - Jennifer Connelly, ""A Beautiful Mind""","2005 - Paul Haggis and Bobby Moresco, ""Crash""","1993 - ""Schindler's List""","1965 - Ernest Laszlo, ""Ship of Fools""","1992 - Clint Eastwood, ""Unforgiven""",,"1968 - ""Once Upon a Time in the West"""
"1994 - ""Forrest Gump""","1993 - Tom Hanks, ""Philadelphia""","1991 - Jodie Foster, ""The Silence of the Lambs""","2002 - Chris Cooper, ""Adaptation.""","2002 - Catherine Zeta-Jones, ""Chicago""","2006 - Michael Arndt, ""Little Miss Sunshine""","1994 - ""Forrest Gump""","1965 - Freddie Young, ""Doctor Zhivago""","1993 - Steven Spielberg, ""Schindler’s List""",,"1969 - ""Butch Cassidy and the Sundance Kid"""
"1995 - ""Braveheart""","1994 - Tom Hanks, ""Forrest Gump""","1992 - Emma Thompson, ""Howards End""","2003 - Tim Robbins, ""Mystic River""","2003 - Renée Zellweger, ""Cold Mountain""","2007 - Diablo Cody, ""Juno""","1995 - ""Sense and Sensibility""","1966 - Haskell Wexler, ""Who’s Afraid of Virginia Woolf?""","1994 - Robert Zemeckis, ""Forrest Gump""",,"1971 - ""A Clockwork Orange"""
"1996 - ""The English Patient""","1995 - Nicolas Cage, ""Leaving Las Vegas""","1993 - Holly Hunter, ""The Piano""","2004 - Morgan Freeman, ""Million Dollar Baby""","2004 - Cate Blanchett, ""The Aviator""","2008 - Dustin Lance Black, ""Milk""","1996 - ""Sling Blade""","1966 - Ted Moore, ""A Man for All Seasons""","1995 - Mel Gibson, ""Braveheart""",,"1972 - ""The Godfather"""
"1997 - ""Titanic""","1996 - Geoffrey Rush, ""Shine""","1994 - Jessica Lange, ""Blue Sky""","2005 - George Clooney, ""Syriana""","2005 - Rachel Weisz, ""The Constant Gardener""","2008 - Mark Boal, ""The Hurt Locker""","1997 - ""L.A. Confidential""","1967 - Burnett Guffey, ""Bonnie and Clyde""","1996 - Anthony Minghella, ""The English Patient""",,"1973 - ""Paper Moon"""
"1998 - ""Shakespeare in Love""","1997 - Jack Nicholson, ""As Good as It Gets""","1995 - Susan Sarandon, ""Dead Man Walking""","2006 - Alan Arkin, ""Little Miss Sunshine""","2006 - Jennifer Hudson, ""Dreamgirls""","2010 - David Seidler, ""The King’s Speech""","1998 - ""Gods and Monsters""","1968 - Pasqualino De Santis, ""Romeo and Juliet""","1997 - James Cameron, ""Titanic""",,"1973 - ""The Exorcist"""
"1999 - ""American Beauty""","1997 - Roberto Benigni, ""Life Is Beautiful""","1996 - Frances McDormand, ""Fargo""","2007 - Javier Bardem, ""No Country for Old Men""","2007 - Tilda Swinton, ""Michael Clayton""","2011 - Woody Allen, ""Midnight in Paris""","1999 - ""The Cider House Rules""","1969 - Conrad Hall, ""Butch Cassidy and the Sundance Kid""","1998 - Steven Spielberg, ""Saving Private Ryan""",,"1973 - ""The Sting"""
"2000 - ""Gladiator""","1999 - Kevin Spacey, ""American Beauty""","1997 - Helen Hunt, ""As Good as It Gets""","2008 - Heath Ledger, ""The Dark Knight""","2008 - Penélope Cruz, ""Vicky Cristina Barcelona""","2012 - Quentin Tarantino, ""Django Unchained""","2000 - ""Traffic""","1970 - Freddie Young, ""Ryan’s Daughter""","1999 - Sam Mendes, ""American Beauty""",,"1974 - ""Chinatown"""
"2001 - ""A Beautiful Mind""","2000 - Russell Crowe, ""Gladiator""","1998 - Gwyneth Paltrow, ""Shakespeare in Love""","2009 - Christoph Waltz, ""Inglourious Basterds""","2009 - Mo’Nique, ""Precious""","2013 - Spike Jonze, ""Her""","2001 - ""A Beautiful Mind""","1971 - Oswald Morris, ""Fiddler on the Roof""","2000 - Steven Soderbergh, ""Traffic""",,"1974 - ""The Godfather: Part II"""
"2002 - ""Chicago""","2001 - Denzel Washington, ""Training Day""","1999 - Hilary Swank, ""Boys Don’t Cry""","2010 - Christian Bale, ""The Fighter""","2010 - Melissa Leo, ""The Fighter""","2014 - Armando Bo, ""Birdman or (The Unexpected Virtue of Ignorance)""","2002 - ""The Pianist""","1972 - Geoffrey Unsworth, ""Cabaret""","2001 - Ron Howard, ""A Beautiful Mind""",,"1975 - ""Barry Lyndon"""
"2003 - ""The Lord of the Rings: The Return of the King""","2002 - Adrien Brody, ""The Pianist""","2000 - Julia Roberts, ""Erin Brockovich""","2010 - Christopher Plummer, ""Beginners""","2011 - Octavia Spencer, ""The Help""","2015 - Tom McCarthy and Josh Singer, ""Spotlight""","2003 - ""The Lord of the Rings: The Return of the King""","1972 - Sven Nykvist, ""Cries and Whispers""","2002 - Roman Polanski, ""The Pianist""",,"1975 - ""Jaws"""
"2004 - ""Million Dollar Baby""","2003 - Sean Penn, ""Mystic River""","2001 - Halle Berry, ""Monster’s Ball""","2012 - Christoph Waltz, ""Django Unchained""","2012 - Anne Hathaway, ""Les Misérables""","2016 - Kenneth Lonergan, ""Manchester by the Sea""","2004 - ""Sideways""","1974 - Fred J. Koenekamp, ""The Towering Inferno""","2003 - Peter Jackson, ""The Lord of the Rings - The Return of the King""",,"1975 - ""Monty Python and the Holy Grail"""
"2005 - ""Crash""","2004 - Jamie Foxx, ""Ray""","2002 - Nicole Kidman, ""The Hours""","2013 - Jared Leto, ""Dallas Buyers Club""","2013 - Lupita Nyong’o, ""12 Years a Slave""","2017 - Jordan Peele, ""Get Out""","2005 - ""Brokeback Mountain""","1975 - John Alcott, ""Barry Lyndon""","2004 - Clint Eastwood, ""Million Dollar Baby""",,"1975 - ""One Flew Over the Cuckoo's Nest"""
"2006 - ""The Departed""","2005 - Philip Seymour Hoffman, ""Capote""","2003 - Charlize Theron, ""Monster""","2014 - J.K. Simmons, ""Whiplash""","2014 - Patricia Arquette, ""Boyhood""","2018 - Brian Currie, ""Green Book""","2006 - ""The Departed""","1976 - Haskell Wexler, ""Bound for Glory""","2005 - Ang Lee, ""Brokeback Mountain""",,"1976 - ""Network"""
"2007 - ""No Country for Old Men""","2006 - Forest Whitaker, ""The Last King of Scotland""","2004 - Hilary Swank, ""Million Dollar Baby""","2015 - Mark Rylance, ""Bridge of Spies""","2015 - Alicia Vikander, ""The Danish Girl""","2019 - Bong Joon-ho and Han Jin-won, ""Parasite""","2007 - ""No Country for Old Men""","1977 - Vilmos Zsigmond, ""Close Encounters of the Third Kind""","2006 - Martin Scorsese, ""The Departed""",,"1976 - ""Rocky"""
"2008 - ""Slumdog Millionaire""","2007 - Daniel Day-Lewis, ""There Will Be Blood""","2005 - Reese Witherspoon, ""Walk the Line""","2016 - Mahershala Ali, ""Moonlight""","2016 - Viola Davis, ""Fences""","2020 - Emerald Fennelldouble-dagger, ""Promising Young Woman""","2008 - ""Slumdog Millionaire""","1978 - Néstor Almendros, ""Days of Heaven""","2007 - Ethan Coen & Joel Coen, ""No Country for Old Men""",,"1976 - ""Taxi Driver"""
"2008 - ""The Hurt Locker""","2008 - Sean Penn, ""Milk""","2006 - Helen Mirren, ""The Queen""","2017 - Sam Rockwell, ""Three Billboards Outside Ebbing, Missouri""","2017 - Allison Janney, ""I, Tonya""","2021 - Kenneth Branagh, ""Belfast""","2009 - ""Precious""","1979 - Vittorio Storaro, ""Apocalypse Now""","2008 - Danny Boyle, ""Slumdog Millionaire""",,"1977 - ""Star Wars- Episode IV : A New Hope"""
"2010 - ""The King’s Speech""","2009 - Jeff Bridges, ""Crazy Heart""","2007 - Marion Cotillard, ""La Vie en Rose""","2018 - Mahershala Ali, ""Green Book""","2018 - Regina King, ""If Beale Street Could Talk""",,"2010 - ""The Social Network""","1979 - Geoffrey Unsworth, ""Tess""","2008 - Kathryn Bigelow, ""The Hurt Locker""",,"1978 - ""The Deer Hunter"""
"2011 - ""The Artist""","2010 - Colin Firth, ""The King’s Speech""","2008 - Kate Winslet, ""The Reader""","2019 - Brad Pitt, ""Once Upon a Time... In Hollywood""","2019 - Laura Dern, ""Marriage Story""",,"2011 - ""The Descendants""","1981 - Vittorio Storaro, ""Reds""","2010 - Tom Hooper, ""The King’s Speech""",,"1979 - ""Alien"""
"2012 - ""Argo""","2011 - Jean Duhardin, ""The Artist""","2009 - Sandra Bullock, ""The Blind Side""","2021 - Daniel Kaluuya, ""Judas and the Black Messiah""","2020 - Yuh-Jung Youn, ""Minari""",,"2012 - ""Argo""","1982 - Billy Williams, ""Gandhi""","2011 - Michel Hazanavicius, ""The Artist""",,"1979 - ""Apocalypse Now"""
"2013 - ""12 Years a Slave""","2012 - Daniel Day-Lewis, ""Lincoln""","2010 - Natalie Portman, ""Black Swan""","2021 - Troy Kotsur, ""CODA""","2021 - Ariana DeBose, ""West Side Story""",,"2013 - ""12 Years a Slave""","1982 - Sven Nykvist, ""Fanny and Alexander""","2012 - Ang Lee, ""Life of Pi""",,"1979 - ""Monty Python's Life of Brian"""
"2014 - ""Birdman or (The Unexpected Virtue of Ignorance)""","2013 - Matthew McConaughey, ""Dallas Buyers Club""","2011 - Meryl Streep, ""The Iron Lady""",,,,"2014 - ""The Imitation Game""","1984 - Chris Menges, ""The Killing Fields""","2013 - Alfonso Cuarón, ""Gravity""",,"1979 - ""Stalker"""
"2015 - ""Spotlight""","2014 - Eddie Redmayne, ""The Theory of Everything""","2012 - Jennifer Lawrence, ""Silver Linings Playbook""",,,,"2015 - ""The Big Short""","1985 - David Watkin, ""Out of Africa""","2014 - Alejandro G. Iñárritu, ""Birdman or (The Unexpected Virtue of Ignorance)""",,"1980 - ""Raging Bull"""
"2016 - ""Moonlight""","2015 - Leonardo DiCaprio, ""The Revenant""","2013 - Cate Blanchett, ""Blue Jasmine""",,,,"2016 - ""Moonlight""","1986 - Chris Menges, ""The Mission""","2015 - Alejandro G. Iñárritu, ""The Revenant""",,"1980 - ""Star Wars- Episode V : The Empire Strikes Back"""
"2017 - ""The Shape of Water""","2016 - Casey Affleck, ""Manchester by the Sea""","2014 - Julianne Moore, ""Still Alice""",,,,"2017 - ""Call Me By Your Name""","1987 - Vittorio Storaro, ""The Last Emperor""","2016 - Damien Chazelle, ""La La Land""",,"1980 - ""The Elephant Man"""
"2018 - ""Green Book""","2017 - Gary Oldman, ""Darkest Hour""","2015 - Brie Larson, ""Room""",,,,"2018 - ""BlacKkKlansman""","1988 - Peter Biziou, ""Mississippi Burning""","2017 - Guillermo del Toro, ""The Shape of Water""",,"1980 - ""The Shining"""
"2019 - ""Parasite""","2018 - Rami Malek, ""Bohemian Rhapsody""","2016 - Emma Stone, ""La La Land""",,,,"2019 - ""Jojo Rabbit""","1989 - Freddie Francis, ""Glory""","2018 - Alfonso Cuarón, ""Roma""",,"1981 - ""Das Boot"""
"2020 - ""Nomadland""","2019 - Joaquin Phoenix, ""Joker""","2017 - Frances McDormand, ""Three Billboards outside Ebbing, Missouri""",,,,"2020 - ""The Father""","1990 - Dean Semler, ""Dances with Wolves""","2019 - Bong Joon Ho, ""Parasite""",,"1981 - ""Indiana Jones and the Raiders of the Lost Ark"""
"2021 - ""CODA""","2020 - Anthony Hopkins, ""The Father""","2018 - Olivia Colman, ""The Favourite""",,,,"2021 - ""CODA""","1991 - Robert Richardson, ""JFK""","2020 - Chloé Zhao, ""Nomadland""",,"1982 - ""Blade Runner"""
,"2021 - Will Smith, ""King Richard""","2019 - Renée ZellWeger, ""Judy""",,,,,"1992 - Phillipe Rousselot, ""A River Runs Through It""","2021 - Jane Campion, ""The Power of the Dog""",,"1982 - ""Gandhi"""
,,"2020 - Frances McDormand, ""Nomadland""",,,,,"1993 - Janusz Kamiński, ""Schindler’s List""",,,"1982 - ""The Thing"""
,,"2021 - Jessica Chastain, ""The Eyes of Tammy Faye""",,,,,"1994 - John Toll, ""Legends of the Fall""",,,"1983 - ""Scarface"""
,,,,,,,"1995 - John Toll, ""Braveheart""",,,"1983 - ""Star Wars- Episode VI : Return of the Jedi"""
,,,,,,,"1996 - John Seale, ""The English Patient""",,,"1984 - ""Amadeus"""
,,,,,,,"1997 - Russell Carpenter, ""Titanic""",,,"1984 - ""Nausicaä of the Valley of the Wind"""
,,,,,,,"1998 - Janusz Kamiński, ""Saving Private Ryan""",,,"1984 - ""Once Upon a Time in America"""
,,,,,,,"1999 - Conrad L. Hall, ""American Beauty""",,,"1984 - ""Paris, Texas"""
,,,,,,,"2000 - Peter Pau, ""Crouching Tiger, Hidden Dragon""",,,"1984 - ""The Terminator"""
,,,,,,,"2001 - Andrew Lesnie, ""The Lord of the Rings: The Fellowship of the Ring""",,,"1985 - ""Back to the Future"""
,,,,,,,"2002 - Conrad L. Hall, ""Road to Perdition""",,,"1985 - ""Come and See"""
,,,,,,,"2003 - Russell Boyd, ""Master and Commander: The Far Side of the World""",,,"1985 - ""Ran"""
,,,,,,,"2004 - Robert Richardson, ""The Aviator""",,,"1986 - ""Aliens"""
,,,,,,,"2005 - Dion Beebe, ""Memoirs of a Geisha""",,,"1986 - ""Castle in the Sky"""
,,,,,,,"2006 - Guillermo Navarro, ""Pan’s Labyrinth""",,,"1986 - ""Platoon"""
,,,,,,,"2007 - Robert Elswit, ""There Will Be Blood""",,,"1986 - ""Stand by Me"""
,,,,,,,"2008 - Anthony Dod Mantle, ""Slumdog Millionaire""",,,"1987 - ""Full Metal Jacket"""
,,,,,,,"2009 - Mauro Fiore, ""Avatar""",,,"1987 - ""The Princess Bride"""
,,,,,,,"2010 - Wally Pfister, ""Inception""",,,"1988 - ""Cinema Paradiso"""
,,,,,,,"2011 - Robert Richardson, ""Hugo""",,,"1988 - ""Die Hard"""
,,,,,,,"2012 - Claudio Miranda, ""Life of Pi""",,,"1988 - ""Grave of the Fireflies"""
,,,,,,,"2013 - Emmanuel Lubezki, ""Gravity""",,,"1988 - ""My Neighbor Totoro"""
,,,,,,,"2014 - Emmanuel Lubezki, ""Birdman or (The Unexpected Virtue of Ignorance)""",,,"1989 - ""Dead Poets Society"""
,,,,,,,"2015 - Emmanuel Lubezki, ""The Revenant""",,,"1989 - ""Indiana Jones and the Last Crusade"""
,,,,,,,"2016 - Linus Sandgren, ""La La Land""",,,"1990 - ""Goodfellas"""
,,,,,,,"2017 - Roger Deakins, ""Blade Runner 2049""",,,"1991 - ""Terminator 2: Judgment Day"""
,,,,,,,"2018 - Alfonso Cuarón, ""Roma""",,,"1991 - ""The Silence of the Lambs"""
,,,,,,,"2019 - Roger Deakins, ""1917""",,,"1992 - ""Reservoir Dogs"""
,,,,,,,"2020 - Erik Messerschmidt, ""Mank""",,,"1992 - ""Unforgiven"""
,,,,,,,"2021 - Greig Fraser, ""Dune""",,,"1993 - ""Groundhog Day"""
,,,,,,,,,,"1993 - ""In the Name of the Father"""
,,,,,,,,,,"1993 - ""Jurassic Park"""
,,,,,,,,,,"1993 - ""Schindler's List"""
,,,,,,,,,,"1994 - ""Forrest Gump"""
,,,,,,,,,,"1994 - ""Léon: The Professional"""
,,,,,,,,,,"1994 - ""Pulp Fiction"""
,,,,,,,,,,"1994 - ""The Lion King"""
,,,,,,,,,,"1994 - ""The Shawshank Redemption"""
,,,,,,,,,,"1994 - ""Three Colors: Red"""
,,,,,,,,,,"1995 - ""Before Sunrise"""
,,,,,,,,,,"1995 - ""Braveheart"""
,,,,,,,,,,"1995 - ""Casino"""
,,,,,,,,,,"1995 - ""Heat"""
,,,,,,,,,,"1995 - ""La Haine"""
,,,,,,,,,,"1995 - ""Se7en"""
,,,,,,,,,,"1995 - ""The Usual Suspects"""
,,,,,,,,,,"1995 - ""Toy Story"""
,,,,,,,,,,"1996 - ""Fargo"""
,,,,,,,,,,"1996 - ""The Bandit"""
,,,,,,,,,,"1996 - ""Trainspotting"""
,,,,,,,,,,"1997 - ""Children of Heaven"""
,,,,,,,,,,"1997 - ""Good Will Hunting"""
,,,,,,,,,,"1997 - ""L.A. Confidential"""
,,,,,,,,,,"1997 - ""Life Is Beautiful"""
,,,,,,,,,,"1997 - ""Princess Mononoke"""
,,,,,,,,,,"1998 - ""American History X"""
,,,,,,,,,,"1998 - ""Lock, Stock and Two Smoking Barrels"""
,,,,,,,,,,"1998 - ""Saving Private Ryan"""
,,,,,,,,,,"1998 - ""The Big Lebowski"""
,,,,,,,,,,"1998 - ""The Truman Show"""
,,,,,,,,,,"1999 - ""American Beauty"""
,,,,,,,,,,"1999 - ""Fight Club"""
,,,,,,,,,,"1999 - ""The Green Mile"""
,,,,,,,,,,"1999 - ""The Matrix"""
,,,,,,,,,,"1999 - ""The Sixth Sense"""
,,,,,,,,,,"2000 - ""Amores Perros"""
,,,,,,,,,,"2000 - ""Gladiator"""
,,,,,,,,,,"2000 - ""In the Mood for Love"""
,,,,,,,,,,"2000 - ""Memento"""
,,,,,,,,,,"2000 - ""Requiem for a Dream"""
,,,,,,,,,,"2000 - ""Snatch"""
,,,,,,,,,,"2001 - ""A Beautiful Mind"""
,,,,,,,,,,"2001 - ""Amélie"""
,,,,,,,,,,"2001 - ""Donnie Darko"""
,,,,,,,,,,"2001 - ""Monsters, Inc."""
,,,,,,,,,,"2001 - ""Spirited Away"""
,,,,,,,,,,"2001 - ""The Lord of the Rings: The Fellowship of the Ring"""
,,,,,,,,,,"2002 - ""Catch Me If You Can"""
,,,,,,,,,,"2002 - ""City of God"""
,,,,,,,,,,"2002 - ""The Lord of the Rings: The Two Towers"""
,,,,,,,,,,"2002 - ""The Pianist"""
,,,,,,,,,,"2003 - ""Finding Nemo"""
,,,,,,,,,,"2003 - ""Kill Bill: Vol. 1"""
,,,,,,,,,,"2003 - ""Memories of Murder"""
,,,,,,,,,,"2003 - ""Oldboy"""
,,,,,,,,,,"2003 - ""Pirates of the Caribbean: The Curse of the Black Pearl"""
,,,,,,,,,,"2003 - ""The Lord of the Rings: The Return of the King"""
,,,,,,,,,,"2004 - ""Before Sunset"""
,,,,,,,,,,"2004 - ""Downfall"""
,,,,,,,,,,"2004 - ""Eternal Sunshine of the Spotless Mind"""
,,,,,,,,,,"2004 - ""Hotel Rwanda"""
,,,,,,,,,,"2004 - ""Howl's Moving Castle"""
,,,,,,,,,,"2004 - ""Million Dollar Baby"""
,,,,,,,,,,"2005 - ""Batman Begins"""
,,,,,,,,,,"2005 - ""My Father and My Son"""
,,,,,,,,,,"2006 - ""V for Vendetta"""
,,,,,,,,,,"2006 - ""Pan's Labyrinth"""
,,,,,,,,,,"2006 - ""Rang De Basanti"""
,,,,,,,,,,"2006 - ""The Departed"""
,,,,,,,,,,"2006 - ""The Lives of Others"""
,,,,,,,,,,"2006 - ""The Prestige"""
,,,,,,,,,,"2007 - ""Into the Wild"""
,,,,,,,,,,"2007 - ""Like Stars on Earth"""
,,,,,,,,,,"2007 - ""No Country for Old Men"""
,,,,,,,,,,"2007 - ""There Will Be Blood"""
,,,,,,,,,,"2008 - ""Gran Torino"""
,,,,,,,,,,"2008 - ""The Dark Knight"""
,,,,,,,,,,"2008 - ""WALL·E"""
,,,,,,,,,,"2009 - ""3 Idiots"""
,,,,,,,,,,"2009 - ""Hachi: A Dog's Tale"""
,,,,,,,,,,"2009 - ""Inglourious Basterds"""
,,,,,,,,,,"2009 - ""Mary and Max"""
,,,,,,,,,,"2009 - ""The Secret in Their Eyes"""
,,,,,,,,,,"2009 - ""Up"""
,,,,,,,,,,"2010 - ""How to Train Your Dragon"""
,,,,,,,,,,"2010 - ""Incendies"""
,,,,,,,,,,"2010 - ""Inception"""
,,,,,,,,,,"2010 - ""Shutter Island"""
,,,,,,,,,,"2010 - ""Toy Story 3"""
,,,,,,,,,,"2011 - ""A Separation"""
,,,,,,,,,,"2011 - ""Harry Potter and the Deathly Hallows: Part 2"""
,,,,,,,,,,"2011 - ""The Help"""
,,,,,,,,,,"2011 - ""The Intouchables"""
,,,,,,,,,,"2011 - ""Warrior"""
,,,,,,,,,,"2012 - ""Django Unchained"""
,,,,,,,,,,"2012 - ""Gangs of Wasseypur"""
,,,,,,,,,,"2012 - ""The Dark Knight Rises"""
,,,,,,,,,,"2012 - ""The Hunt"""
,,,,,,,,,,"2013 - ""12 Years a Slave"""
,,,,,,,,,,"2013 - ""Prisoners"""
,,,,,,,,,,"2013 - ""Rush"""
,,,,,,,,,,"2013 - ""Tangerines"""
,,,,,,,,,,"2013 - ""The Wolf of Wall Street"""
,,,,,,,,,,"2014 - ""Gone Girl"""
,,,,,,,,,,"2014 - ""Guardians of the Galaxy"""
,,,,,,,,,,"2014 - ""Interstellar"""
,,,,,,,,,,"2014 - ""PK"""
,,,,,,,,,,"2014 - ""The Grand Budapest Hotel"""
,,,,,,,,,,"2014 - ""Whiplash"""
,,,,,,,,,,"2014 - ""Wild Tales"""
,,,,,,,,,,"2015 - ""Inside Out"""
,,,,,,,,,,"2015 - ""Mad Max: Fury Road"""
,,,,,,,,,,"2015 - ""Room"""
,,,,,,,,,,"2015 - ""Spotlight"""
,,,,,,,,,,"2016 - ""Dangal"""
,,,,,,,,,,"2016 - ""Hacksaw Ridge"""
,,,,,,,,,,"2016 - ""The Handmaiden"""
,,,,,,,,,,"2016 - ""Your Name."""
,,,,,,,,,,"2017 - ""Coco"""
,,,,,,,,,,"2017 - ""Logan"""
,,,,,,,,,,"2017 - ""Three Billboards Outside Ebbing, Missouri"""
,,,,,,,,,,"2018 - ""Andhadhun"""
,,,,,,,,,,"2018 - ""Avengers: Infinity War"""
,,,,,,,,,,"2018 - ""Bohemian Rhapsody"""
,,,,,,,,,,"2018 - ""Green Book"""
,,,,,,,,,,"2018 - ""Spider-Man: Into the Spider-Verse"""